"CÓDIGO DE LA SERIE",DEEM.N.ES.W1.S1.S1.T.B.CA._Z._Z._Z.EUR._T._X.N.ALL,DEEM.N.ES.W1.S1.S1.T.B.GS._Z._Z._Z.EUR._T._X.N.ALL,DEEM.N.ES.W1.S1.S1.T.B.IN._Z._Z._Z.EUR._T._X.N.ALL,DEEM.N.ES.W1.S1.S1.T.B.KA._Z._Z._Z.EUR._T._X.N.ALL,DEEM.N.ES.W1.S1.S1.T.B.CKA._Z._Z._Z.EUR._T._X.N.ALL,DEEM.N.ES.W1.S1.S1.T.N.FA._T.F._Z.EUR._T._X.N.ALL,DEEM.N.ES.W1.S121.S1.T.N.FA._T.F._Z.EUR._T._X.N.ALL,DEEM.N.ES.W1.S1ZK.S1.T.N.FA._T.F._Z.EUR._T._X.N.ALL,DEEM.N.ES.W1.S1.S1.T.N.EO._Z._Z._Z.EUR._T._X.N.ALL
"NÚMERO SECUENCIAL",2386880,2386941,2386942,2386885,2386886,2386887,2386888,2386889,2386890
"ALIAS DE LA SERIE","BE_17_1.1","BE_17_1.2","BE_17_1.3","BE_17_1.4","BE_17_1.5","BE_17_1.6","BE_17_1.7","BE_17_1.8","BE_17_1.9"
"DESCRIPCIÓN DE LA SERIE","Balanza de Pagos. Cuenta corriente. Total cuenta corriente. Saldo","Balanza de Pagos. Cuenta corriente. Bienes y servicios. Saldo","Balanza de Pagos. Cuenta corriente. Rentas primaria y secundaria. Saldo","Balanza de Pagos. Cuenta de capital. Total cuenta de capital. Saldo","Balanza de Pagos. Cuentas corriente y de capital. Total cuentas corriente y de capital. Saldo","Balanza de Pagos. Cuenta financiera. Variación neta (activos-pasivos)","Balanza de Pagos. Cuenta financiera. Banco de España. Variación neta (activos-pasivos)","Balanza de Pagos. Cuenta financiera. Todos los sectores excluido el Banco de España. Variación neta (activos-pasivos)","Balanza de Pagos. Errores y omisiones. Variación neta (activos-pasivos)"
"DESCRIPCIÓN DE LAS UNIDADES","Millones de euros","Millones de euros","Millones de euros","Millones de euros","Millones de euros","Millones de euros","Millones de euros","Millones de euros","Millones de euros"
"FRECUENCIA","MENSUAL","MENSUAL","MENSUAL","MENSUAL","MENSUAL","MENSUAL","MENSUAL","MENSUAL","MENSUAL"
"ENE 1993",-831,-836,5,132,-700,-289,1977,-2265,411
"FEB 1993",-845,-649,-197,58,-787,-838,-1789,951,-51
"MAR 1993",-1186,-883,-303,109,-1077,-913,-2085,1172,163
"ABR 1993",-1187,-766,-421,90,-1097,-941,-2799,1859,157
"MAY 1993",-427,-455,28,90,-337,56,331,-275,392
"JUN 1993",-940,-590,-350,43,-897,-435,927,-1362,462
"JUL 1993",-9,281,-290,192,183,420,453,-34,236
"AGO 1993",43,22,21,66,110,809,-946,1755,699
"SEP 1993",-683,-532,-151,293,-390,-276,-21,-255,114
"OCT 1993",-1216,-852,-365,454,-762,40,104,-64,803
"NOV 1993",-243,-679,436,511,268,505,62,443,237
"DIC 1993",-603,-252,-351,468,-135,107,144,-38,241
"ENE 1994",-743,-227,-515,428,-314,-419,-165,-254,-105
"FEB 1994",-495,-395,-99,82,-413,-280,-84,-196,133
"MAR 1994",-1248,-471,-777,14,-1234,-1121,-247,-873,113
"ABR 1994",-1054,-426,-628,187,-867,-195,-90,-106,672
"MAY 1994",-514,-61,-453,19,-495,-52,-379,326,443
"JUN 1994",-846,-212,-633,72,-774,-119,-73,-46,655
"JUL 1994",-464,379,-844,56,-408,-507,547,-1055,-99
"AGO 1994",282,310,-28,44,326,1179,132,1048,854
"SEP 1994",-1327,-762,-565,44,-1284,-991,-164,-827,293
"OCT 1994",-1093,-753,-340,15,-1078,-551,312,-863,527
"NOV 1994",-1236,-938,-298,73,-1163,-569,-161,-408,594
"DIC 1994",-443,-375,-68,1138,695,455,307,149,-240
"ENE 1995",-1193,-625,-568,579,-614,-193,-194,2,422
"FEB 1995",-1249,-704,-545,10,-1238,-759,-2061,1302,479
"MAR 1995",-1079,-950,-129,83,-997,-560,-3576,3016,437
"ABR 1995",-828,-501,-328,113,-716,-676,-1002,325,39
"MAY 1995",-785,-474,-311,330,-455,-103,516,-619,352
"JUN 1995",-155,73,-227,454,299,215,196,19,-84
"JUL 1995",-106,562,-667,541,435,1138,149,989,703
"AGO 1995",-209,90,-299,310,101,1391,180,1211,1290
"SEP 1995",-1013,-535,-478,103,-910,-675,172,-847,236
"OCT 1995",-635,-900,265,716,81,-85,54,-139,-166
"NOV 1995",596,-946,1542,340,936,434,212,221,-502
"DIC 1995",1165,-145,1310,896,2060,711,307,404,-1350
"ENE 1996",-1343,-442,-900,470,-872,-507,1118,-1625,365
"FEB 1996",-1067,-836,-231,68,-1000,-542,1846,-2389,457
"MAR 1996",-1109,-451,-658,99,-1010,-438,2719,-3158,572
"ABR 1996",-337,-314,-23,90,-247,-352,3460,-3813,-106
"MAY 1996",-549,287,-837,215,-334,-412,2430,-2843,-78
"JUN 1996",-821,182,-1004,845,23,340,347,-7,316
"JUL 1996",-87,843,-929,501,414,734,818,-84,320
"AGO 1996",475,947,-472,192,666,1221,300,921,555
"SEP 1996",-52,-167,116,131,80,505,1080,-574,426
"OCT 1996",-17,-130,114,285,269,-437,1173,-1610,-705
"NOV 1996",254,-480,734,877,1131,1060,1790,-730,-72
"DIC 1996",761,-179,940,864,1626,695,1024,-329,-930
"ENE 1997",-1795,-522,-1273,175,-1620,-788,3487,-4275,832
"FEB 1997",-1342,-784,-558,-5,-1347,-513,-218,-295,834
"MAR 1997",-931,-205,-726,205,-727,415,159,255,1142
"ABR 1997",-229,-230,0,277,48,690,878,-189,642
"MAY 1997",-90,493,-583,69,-21,-513,459,-972,-492
"JUN 1997",-150,459,-609,454,303,805,981,-177,501
"JUL 1997",744,1823,-1079,319,1063,525,1777,-1252,-538
"AGO 1997",658,1368,-710,58,716,1201,1064,137,484
"SEP 1997",-704,-140,-564,335,-368,-37,1112,-1149,332
"OCT 1997",-452,-166,-286,523,71,-504,328,-832,-575
"NOV 1997",471,-635,1106,676,1147,1133,601,532,-15
"DIC 1997",361,-398,759,892,1253,118,109,9,-1135
"ENE 1998",-2670,-536,-2134,750,-1919,-718,-399,-320,1201
"FEB 1998",-1022,-456,-566,90,-932,-99,140,-239,833
"MAR 1998",-1561,-701,-859,163,-1398,-72,-258,186,1326
"ABR 1998",-299,469,-768,442,143,-158,-795,637,-301
"MAY 1998",-167,509,-676,390,223,-79,237,-316,-303
"JUN 1998",-465,124,-589,201,-264,-18,-264,246,246
"JUL 1998",251,1167,-916,312,562,1053,956,97,490
"AGO 1998",683,1013,-330,492,1175,2095,-22,2117,920
"SEP 1998",-1251,-466,-784,135,-1115,-694,532,-1226,421
"OCT 1998",-1574,-772,-802,255,-1320,-1276,1124,-2400,44
"NOV 1998",-1061,-1467,406,320,-741,-491,-1153,662,250
"DIC 1998",120,-1275,1395,1466,1586,43,-11965,12008,-1543
"ENE 1999",-3230,-953,-2277,987,-2242,-1218,16850,-18068,1025
"FEB 1999",-1481,-995,-486,-13,-1495,-880,688,-1568,615
"MAR 1999",-1398,-1039,-359,-12,-1410,-795,-6843,6049,616
"ABR 1999",-2021,-1114,-907,67,-1953,-1200,2608,-3808,753
"MAY 1999",-1104,-550,-555,322,-782,-802,1632,-2435,-20
"JUN 1999",-979,-362,-618,1106,127,-157,-2769,2612,-284
"JUL 1999",-951,161,-1112,424,-527,-933,-1044,111,-406
"AGO 1999",-436,280,-715,286,-150,139,-1348,1486,288
"SEP 1999",-2319,-1297,-1023,275,-2044,-1841,-2297,457,203
"OCT 1999",-1270,-836,-434,727,-543,-1306,12842,-14148,-763
"NOV 1999",-2205,-2557,351,235,-1970,-1372,-4726,3354,599
"DIC 1999",-1665,-2152,487,1537,-128,-302,-527,225,-174
"ENE 2000",-3857,-2446,-1411,749,-3108,-2795,53,-2849,313
"FEB 2000",-2531,-2016,-515,-6,-2537,-1860,1388,-3248,677
"MAR 2000",-2681,-2122,-559,594,-2087,-1768,-6151,4383,319
"ABR 2000",-1997,-1056,-941,999,-997,-603,4402,-5005,394
"MAY 2000",-2412,-1631,-781,312,-2100,-1627,-63,-1564,473
"JUN 2000",-1441,-911,-530,201,-1241,-1793,-6852,5059,-552
"JUL 2000",-1631,-46,-1585,236,-1396,-1376,13149,-14525,20
"AGO 2000",-1771,-743,-1028,267,-1504,-528,-6691,6163,976
"SEP 2000",-2220,-1487,-733,260,-1960,-1821,6861,-8682,138
"OCT 2000",-3054,-1982,-1072,27,-3028,-2030,7674,-9703,998
"NOV 2000",-2324,-2440,117,225,-2098,-1384,-2060,676,715
"DIC 2000",-1511,-2182,671,339,-1172,-1271,-5564,4293,-99
"ENE 2001",-4355,-2353,-2003,241,-4115,-4085,-9806,5721,30
"FEB 2001",-2736,-1713,-1023,694,-2043,-1302,-4611,3309,740
"MAR 2001",-2985,-1900,-1086,106,-2879,-2265,-3853,1587,614
"ABR 2001",-1911,-951,-961,890,-1021,-403,-4113,3710,618
"MAY 2001",-2451,-1097,-1353,467,-1983,-1095,9761,-10856,888
"JUN 2001",-2709,-1521,-1187,70,-2638,-1992,-5700,3708,646
"JUL 2001",-2562,-223,-2339,316,-2246,-1823,4030,-5853,422
"AGO 2001",-882,-20,-863,305,-578,-471,-3482,3011,107
"SEP 2001",-2347,-913,-1434,19,-2329,-2888,-939,-1948,-559
"OCT 2001",-3198,-1648,-1550,45,-3153,-2587,4284,-6871,566
"NOV 2001",-2035,-2174,139,107,-1928,-697,-2897,2201,1231
"DIC 2001",-2077,-1330,-747,1216,-861,-1706,-149,-1557,-845
"ENE 2002",-3863,-2248,-1615,1065,-2798,-1717,-14749,13032,1081
"FEB 2002",-2898,-1750,-1148,-7,-2905,-2834,-7974,5140,71
"MAR 2002",-2347,-1126,-1221,-17,-2364,-2046,359,-2405,318
"ABR 2002",-3072,-1066,-2006,595,-2478,-1439,1102,-2542,1038
"MAY 2002",-1222,-267,-955,455,-766,-626,1249,-1874,141
"JUN 2002",-1569,-974,-594,363,-1206,-2680,-2596,-84,-1474
"JUL 2002",-1192,491,-1683,172,-1020,-1041,-1166,125,-22
"AGO 2002",-1009,439,-1448,567,-442,251,49,202,693
"SEP 2002",-2359,-1265,-1094,517,-1843,-1084,5027,-6111,759
"OCT 2002",-2991,-1866,-1125,2316,-675,-1303,781,-2084,-628
"NOV 2002",-2013,-2636,623,118,-1896,-641,1166,-1807,1254
"DIC 2002",-2912,-2529,-384,794,-2119,-1098,-5396,4298,1020
"ENE 2003",-3734,-2236,-1497,964,-2770,-1756,6297,-8053,1014
"FEB 2003",-3096,-1894,-1203,290,-2806,-2235,-4630,2395,571
"MAR 2003",-3210,-1882,-1328,-14,-3224,-2730,521,-3251,494
"ABR 2003",-2447,-790,-1658,-17,-2464,-2918,1195,-4112,-454
"MAY 2003",-1728,-629,-1098,439,-1288,-396,3252,-3648,893
"JUN 2003",-1826,-894,-932,1220,-606,73,-2684,2756,679
"JUL 2003",-2746,-294,-2453,338,-2408,-1951,-1843,-108,457
"AGO 2003",-734,382,-1116,1007,273,-319,-11441,11122,-592
"SEP 2003",-3313,-1804,-1509,153,-3160,-3158,11958,-15117,2
"OCT 2003",-2736,-1845,-891,1043,-1693,-1517,5559,-7076,176
"NOV 2003",-2690,-3467,776,364,-2326,-467,2478,-2944,1859
"DIC 2003",-2415,-2345,-70,2407,-8,-788,-13001,12213,-780
"ENE 2004",-4731,-2805,-1927,161,-4571,-3777,7721,-11499,793
"FEB 2004",-3956,-2650,-1306,600,-3356,-2739,-4823,2084,618
"MAR 2004",-4213,-2918,-1294,456,-3756,-2896,1963,-4859,861
"ABR 2004",-3748,-2516,-1232,265,-3483,-2213,-733,-1480,1270
"MAY 2004",-3495,-1677,-1818,1003,-2493,-2289,5808,-8097,204
"JUN 2004",-3807,-2536,-1271,186,-3621,-3758,-2448,-1309,-137
"JUL 2004",-2922,-1018,-1904,347,-2575,-2781,6249,-9030,-206
"AGO 2004",-2627,-1140,-1487,763,-1864,-2240,-6396,4156,-376
"SEP 2004",-4898,-3197,-1701,153,-4745,-4065,-5900,1835,680
"OCT 2004",-4395,-2908,-1487,315,-4080,-3963,28646,-32609,117
"NOV 2004",-4308,-4354,45,515,-3793,-3297,-12807,9510,497
"DIC 2004",-3495,-4130,635,2413,-1082,-997,-5422,4425,84
"ENE 2005",-8003,-4242,-3761,361,-7641,-6467,-1511,-4956,1174
"FEB 2005",-5317,-3662,-1655,-38,-5355,-5620,7814,-13434,-265
"MAR 2005",-5867,-4241,-1626,455,-5412,-4284,-7384,3100,1128
"ABR 2005",-5439,-3651,-1788,114,-5325,-5919,888,-6808,-595
"MAY 2005",-4879,-2801,-2078,568,-4311,-4256,-4834,577,54
"JUN 2005",-5414,-3743,-1670,816,-4597,-3349,5049,-8398,1249
"JUL 2005",-3942,-1656,-2286,326,-3616,-4346,-4691,344,-730
"AGO 2005",-4521,-2726,-1794,102,-4419,-3750,-2227,-1523,669
"SEP 2005",-6113,-3901,-2212,347,-5766,-7197,11300,-18497,-1431
"OCT 2005",-5732,-3953,-1779,225,-5507,-5076,1128,-6203,432
"NOV 2005",-6010,-5403,-607,297,-5714,-5201,-4564,-637,513
"DIC 2005",-5542,-4739,-804,2312,-3230,-3477,-1021,-2456,-247
"ENE 2006",-7656,-5236,-2420,191,-7465,-5414,11196,-16611,2051
"FEB 2006",-8955,-5827,-3128,137,-8818,-6916,-1101,-5815,1902
"MAR 2006",-7577,-5680,-1897,83,-7494,-8653,75,-8728,-1159
"ABR 2006",-6803,-4225,-2578,74,-6728,-5924,3236,-9159,804
"MAY 2006",-6193,-4229,-1964,405,-5787,-5475,-1587,-3888,312
"JUN 2006",-5875,-4565,-1310,-19,-5894,-6149,3209,-9358,-255
"JUL 2006",-7094,-2669,-4425,160,-6935,-7278,2540,-9818,-343
"AGO 2006",-6388,-3478,-2911,708,-5681,-5848,-7606,1758,-167
"SEP 2006",-6870,-4033,-2837,-1,-6871,-6795,3489,-10283,76
"OCT 2006",-8515,-5670,-2845,206,-8308,-7074,10500,-17574,1235
"NOV 2006",-10631,-6600,-4031,442,-10189,-8282,-1298,-6985,1906
"DIC 2006",-5845,-5242,-602,1532,-4313,-6824,2698,-9522,-2512
"ENE 2007",-9505,-6574,-2932,859,-8646,-7280,-10,-7271,1366
"FEB 2007",-9958,-5780,-4178,32,-9926,-10454,7860,-18314,-528
"MAR 2007",-6874,-4559,-2316,4,-6870,-7780,-1436,-6345,-910
"ABR 2007",-7583,-4514,-3069,241,-7343,-7767,14619,-22387,-425
"MAY 2007",-6804,-4017,-2787,222,-6582,-8488,-1378,-7110,-1906
"JUN 2007",-7305,-5223,-2082,75,-7230,-7987,1107,-9094,-757
"JUL 2007",-8351,-3339,-5012,252,-8099,-8909,2797,-11706,-810
"AGO 2007",-7163,-2960,-4202,95,-7067,-9417,-14188,4772,-2349
"SEP 2007",-8608,-5067,-3541,110,-8498,-9386,-8125,-1261,-888
"OCT 2007",-10239,-6551,-3688,586,-9653,-9633,-481,-9152,20
"NOV 2007",-11381,-6834,-4547,230,-11151,-10436,-6512,-3924,716
"DIC 2007",-6986,-6873,-114,1204,-5782,-4172,-2366,-1806,1610
"ENE 2008",-12138,-7603,-4535,591,-11547,-10313,-4196,-6118,1234
"FEB 2008",-10563,-6177,-4387,277,-10286,-11453,674,-12127,-1166
"MAR 2008",-9231,-5378,-3853,91,-9140,-8636,7383,-16019,504
"ABR 2008",-8045,-4822,-3223,62,-7984,-9295,-14753,5457,-1312
"MAY 2008",-8041,-3777,-4264,615,-7426,-8954,3954,-12908,-1528
"JUN 2008",-8261,-5431,-2830,109,-8151,-9326,1527,-10853,-1174
"JUL 2008",-6566,-1970,-4596,123,-6443,-7152,-7178,26,-709
"AGO 2008",-5892,-1931,-3961,237,-5655,-6457,-3505,-2952,-802
"SEP 2008",-7199,-3747,-3452,209,-6991,-7142,3413,-10555,-151
"OCT 2008",-9445,-5067,-4378,380,-9065,-6614,8153,-14767,2451
"NOV 2008",-8351,-3063,-5288,484,-7867,-6471,-6587,116,1396
"DIC 2008",-4064,-3682,-382,702,-3362,-2522,-8214,5692,840
"ENE 2009",-6138,-2523,-3615,161,-5978,-5977,11961,-17938,1
"FEB 2009",-6852,-2157,-4695,139,-6714,-5654,-4457,-1197,1059
"MAR 2009",-4097,-228,-3868,244,-3853,-5842,2534,-8376,-1989
"ABR 2009",-2321,150,-2471,620,-1701,-1947,5845,-7792,-247
"MAY 2009",-3052,1100,-4151,47,-3005,-3656,-1465,-2191,-651
"JUN 2009",-1189,194,-1383,39,-1150,-2322,-9678,7357,-1171
"JUL 2009",-1007,1745,-2752,284,-723,-1922,-2685,763,-1199
"AGO 2009",-2183,563,-2746,541,-1642,-1963,-4770,2807,-321
"SEP 2009",-4087,-1631,-2456,18,-4069,-4817,-444,-4374,-749
"OCT 2009",-4746,-1338,-3408,-157,-4903,-5707,6936,-12643,-804
"NOV 2009",-4585,-3378,-1207,717,-3868,-4230,11690,-15920,-361
"DIC 2009",-2412,-1788,-625,1510,-902,-419,-10813,10393,483
"ENE 2010",-4948,-3078,-1870,500,-4447,-2877,4368,-7244,1570
"FEB 2010",-5004,-1178,-3826,7,-4997,-4605,-3952,-653,392
"MAR 2010",-2929,-1359,-1571,87,-2842,-5830,-2636,-3193,-2987
"ABR 2010",-3427,-1760,-1667,-67,-3494,-2022,9549,-11571,1472
"MAY 2010",-4001,-555,-3446,1015,-2986,-4191,-39481,35290,-1205
"JUN 2010",-1547,-144,-1403,17,-1529,-1144,-35473,34329,386
"JUL 2010",-1643,1371,-3014,305,-1337,-1670,2794,-4464,-332
"AGO 2010",-2322,708,-3030,95,-2227,-1822,19480,-21301,405
"SEP 2010",-3587,-518,-3069,340,-3247,-5379,25730,-31109,-2132
"OCT 2010",-2785,-429,-2356,48,-2737,-550,18284,-18834,2187
"NOV 2010",-4012,-1834,-2179,288,-3724,-545,1363,-1908,3179
"DIC 2010",-2125,-2403,279,1382,-743,-1278,-7698,6421,-535
"ENE 2011",-5721,-2830,-2891,-35,-5756,-5084,4285,-9369,672
"FEB 2011",-4958,-1126,-3832,759,-4199,-1697,5526,-7223,2502
"MAR 2011",-2788,-717,-2070,-49,-2836,-1649,3169,-4818,1187
"ABR 2011",-964,614,-1578,45,-919,62,3748,-3686,982
"MAY 2011",-2509,1485,-3993,319,-2190,-5954,-13791,7837,-3764
"JUN 2011",-614,1549,-2163,167,-447,-1615,7303,-8918,-1168
"JUL 2011",-121,3379,-3500,110,-11,-4327,-9838,5512,-4315
"AGO 2011",-1279,1509,-2788,617,-662,317,-16248,16566,980
"SEP 2011",-2085,495,-2580,-118,-2203,-3924,-8568,4645,-1720
"OCT 2011",-1003,838,-1841,198,-805,-648,-17633,16986,158
"NOV 2011",-4182,-1562,-2619,1171,-3010,-4275,-22038,17763,-1265
"DIC 2011",-1707,-801,-906,347,-1360,932,-33983,34915,2292
"ENE 2012",-3552,-808,-2744,-43,-3595,-1079,-8786,7707,2515
"FEB 2012",-4799,-894,-3905,57,-4742,-4961,-28848,23887,-219
"MAR 2012",-1688,308,-1996,583,-1105,-848,-66790,65943,258
"ABR 2012",-460,1115,-1575,114,-345,-1424,-27956,26532,-1078
"MAY 2012",268,2936,-2668,368,635,541,-43157,43698,-94
"JUN 2012",783,2182,-1398,377,1161,744,-61818,62562,-417
"JUL 2012",2976,4870,-1894,-14,2961,-1432,-18776,17344,-4393
"AGO 2012",1961,3780,-1819,566,2527,769,-10395,11164,-1758
"SEP 2012",762,2452,-1691,733,1495,4316,35461,-31146,2821
"OCT 2012",1408,2809,-1401,1091,2499,3127,19358,-16230,629
"NOV 2012",1565,969,596,961,2527,1697,17375,-15678,-829
"DIC 2012",2389,1471,919,601,2991,6984,28347,-21363,3993
"ENE 2013",-2610,-531,-2079,58,-2553,-4471,28496,-32967,-1918
"FEB 2013",-880,2116,-2996,273,-607,-3606,12182,-15788,-2998
"MAR 2013",2641,4314,-1673,269,2910,-1399,-1167,-231,-4309
"ABR 2013",1540,3060,-1520,495,2035,8149,8132,17,6113
"MAY 2013",3896,5160,-1264,530,4426,12360,4218,8142,7934
"JUN 2013",3616,5104,-1487,524,4140,-1714,2158,-3872,-5854
"JUL 2013",3112,5959,-2847,364,3476,332,1368,-1036,-3144
"AGO 2013",3750,5626,-1876,438,4188,3631,943,2689,-557
"SEP 2013",921,2648,-1727,386,1307,2145,13523,-11378,837
"OCT 2013",2384,3578,-1193,150,2534,3824,4685,-861,1290
"NOV 2013",879,1031,-151,-92,788,5205,22623,-17418,4417
"DIC 2013",2098,1343,755,2790,4888,7079,27015,-19936,2192
"ENE 2014",-1336,558,-1894,99,-1237,3660,-6978,10638,4897
"FEB 2014",-1793,1598,-3391,177,-1616,-1370,-10798,9428,246
"MAR 2014",91,1307,-1215,519,610,-1172,5228,-6400,-1783
"ABR 2014",1512,2844,-1332,537,2050,-1648,-4276,2628,-3697
"MAY 2014",1274,3264,-1990,472,1746,-3351,5353,-8704,-5097
"JUN 2014",1825,3387,-1562,257,2082,3777,15156,-11379,1695
"JUL 2014",3446,5401,-1956,294,3740,4357,-7248,11605,618
"AGO 2014",3304,4354,-1050,191,3496,2362,3061,-699,-1134
"SEP 2014",1914,2863,-949,190,2104,1988,1692,296,-116
"OCT 2014",1624,2609,-984,146,1771,9467,8889,578,7696
"NOV 2014",3023,1918,1105,113,3136,-2100,12271,-14371,-5237
"DIC 2014",3605,1476,2130,1547,5152,3955,4787,-832,-1197
"ENE 2015",-228,975,-1203,126,-102,-5576,-1237,-4338,-5473
"FEB 2015",-1957,1101,-3057,54,-1903,1679,2736,-1057,3582
"MAR 2015",1390,2296,-906,374,1764,883,-16430,17313,-881
"ABR 2015",1665,2511,-846,420,2085,-4619,6020,-10639,-6704
"MAY 2015",3007,4499,-1492,553,3560,5466,-1774,7240,1906
"JUN 2015",2774,3064,-290,580,3354,8889,-13285,22175,5536
"JUL 2015",4486,6061,-1575,708,5194,13922,-149,14071,8728
"AGO 2015",2850,4175,-1325,496,3346,-8500,-536,-7965,-11846
"SEP 2015",2065,2447,-382,336,2401,4086,754,3332,1686
"OCT 2015",2304,3114,-811,377,2681,8151,5712,2439,5470
"NOV 2015",1930,1369,561,645,2575,-3090,-11636,8545,-5665
"DIC 2015",1962,1169,793,2236,4198,8687,-10962,19649,4490
"ENE 2016",-630,909,-1538,92,-537,1105,6647,-5542,1643
"FEB 2016",-191,2307,-2498,245,54,-3775,-13007,9232,-3830
"MAR 2016",1915,2508,-593,146,2061,4997,-1061,6057,2936
"ABR 2016",4406,4580,-174,164,4570,5485,10137,-4652,915
"MAY 2016",4243,5465,-1222,150,4393,1417,-36411,37828,-2976
"JUN 2016",3778,4081,-303,309,4087,1393,-8821,10214,-2694
"JUL 2016",5666,7916,-2249,128,5795,10326,14978,-4651,4532
"AGO 2016",4442,5233,-790,35,4478,1014,-18506,19519,-3464
"SEP 2016",2709,3720,-1011,104,2813,-391,-3495,3104,-3204
"OCT 2016",2946,3820,-873,106,3052,10355,7058,3297,7303
"NOV 2016",3739,2482,1257,287,4026,6943,-15078,22020,2917
"DIC 2016",2310,1511,799,656,2965,-5022,3532,-8553,-7987
"ENE 2017",-302,869,-1171,106,-196,-842,-20893,20050,-646
"FEB 2017",-295,1073,-1368,105,-190,822,-10513,11335,1012
"MAR 2017",2140,2475,-335,132,2272,1539,-11994,13533,-733
"ABR 2017",3852,4596,-743,217,4069,7896,9054,-1158,3827
"MAY 2017",4150,5337,-1188,159,4308,1404,-8226,9631,-2904
"JUN 2017",3852,5153,-1301,226,4078,-895,4788,-5683,-4973
"JUL 2017",4450,6527,-2077,289,4739,2956,-11346,14301,-1783
"AGO 2017",3848,5244,-1397,144,3991,6732,-860,7592,2741
"SEP 2017",2608,3488,-880,149,2757,2641,11666,-9025,-116
"OCT 2017",2846,3762,-916,225,3071,2547,13048,-10501,-524
"NOV 2017",3711,2497,1214,323,4033,12,-3355,3367,-4021
"DIC 2017",1826,1491,335,717,2542,10804,-3998,14803,8262
"ENE 2018",-924,-189,-735,141,-784,3620,-23701,27321,4404
"FEB 2018",-405,1290,-1695,140,-265,-3082,1752,-4834,-2817
"MAR 2018",2003,2465,-462,163,2166,-1125,18949,-20073,-3291
"ABR 2018",1408,2992,-1584,258,1666,5380,-6396,11777,3714
"MAY 2018",4855,5124,-269,176,5031,606,-2438,3043,-4426
"JUN 2018",2812,4120,-1308,252,3064,4201,-5568,9770,1137
"JUL 2018",2734,4784,-2050,305,3039,5735,-1728,7463,2696
"AGO 2018",3250,4845,-1595,260,3510,5242,14682,-9440,1732
"SEP 2018",1529,2464,-935,302,1831,1713,-6075,7788,-118
"OCT 2018",1563,2628,-1065,429,1992,6690,-590,7280,4698
"NOV 2018",2271,1733,538,369,2639,1122,-2703,3825,-1517
"DIC 2018",1661,963,698,2999,4660,977,-432,1409,-3683
"ENE 2019",-903,-167,-736,167,-736,2182,3489,-1306,2918
"FEB 2019",-1411,1206,-2617,188,-1223,-1782,3760,-5542,-559
"MAR 2019",1574,1939,-365,409,1983,916,-4586,5502,-1067
"ABR 2019",3068,4711,-1643,276,3344,1820,-1209,3029,-1524
"MAY 2019",4086,4675,-589,224,4310,9517,-950,10467,5207
"JUN 2019",3876,5023,-1147,338,4215,6667,-1714,8381,2452
"JUL 2019",4036,6157,-2121,233,4268,-4933,652,-5584,-9201
"AGO 2019",3219,4259,-1040,76,3295,5435,5998,-564,2140
"SEP 2019",1157,2029,-872,233,1391,1593,16843,-15250,202
"OCT 2019",2890,3950,-1061,355,3245,-1928,5554,-7482,-5172
"NOV 2019",3225,2374,851,303,3528,5995,-3202,9196,2467
"DIC 2019",1873,1265,608,1393,3266,1295,-8880,10176,-1970
"ENE 2020",-1749,592,-2342,202,-1547,-967,3245,-4212,580
"FEB 2020",1352,2257,-905,319,1672,136,13250,-13115,-1536
"MAR 2020",-408,292,-699,219,-188,-494,-29341,28846,-306
"ABR 2020",-1743,-401,-1343,208,-1536,-1534,-20270,18736,2
"MAY 2020",605,1733,-1128,197,802,-567,-15321,14754,-1369
"JUN 2020",2213,2704,-491,318,2531,7446,-7130,14575,4914
"JUL 2020",1630,3321,-1691,382,2012,4316,3775,540,2304
"AGO 2020",54,1007,-953,162,216,-2945,3949,-6895,-3162
"SEP 2020",-378,565,-943,348,-30,1723,-5037,6760,1753
"OCT 2020",1213,2079,-866,379,1593,-3518,8276,-11794,-5111
"NOV 2020",3694,2225,1469,336,4030,2535,-19391,21926,-1495
"DIC 2020",2424,743,1681,1969,4393,4473,-17847,22319,79
"ENE 2021",-852,-406,-446,149,-703,607,4003,-3396,1310
"FEB 2021",-982,781,-1764,244,-738,1631,-9944,11575,2369
"MAR 2021",1479,1254,225,651,2130,3147,28401,-25254,1017
"ABR 2021",928,1174,-246,506,1434,3977,-8199,12175,2543
"MAY 2021",971,1640,-669,367,1339,523,-686,1209,-816
"JUN 2021",88,1070,-982,889,978,3119,1,3118,2141
"JUL 2021",2313,2873,-560,1046,3359,-2149,3199,-5348,-5508
"AGO 2021",388,966,-578,298,687,3078,11369,-8291,2392
"SEP 2021",1716,2157,-441,1640,3356,3389,11892,-8503,32
"OCT 2021",2210,2212,-2,722,2932,1127,3623,-2495,-1805
"NOV 2021",1755,742,1014,788,2543,7507,-4975,12482,4963
"DIC 2021",-465,-2239,1774,3433,2968,-109,-22559,22450,-3077
"ENE 2022",-3620,-3455,-166,163,-3458,-1438,8696,-10134,2020
"FEB 2022",-862,91,-953,338,-525,-3449,-1425,-2024,-2925
"MAR 2022",351,43,308,656,1007,4852,-18485,23337,3845
"ABR 2022",-500,955,-1456,663,163,4913,32725,-27811,4751
"MAY 2022",2476,3022,-546,882,3358,1552,-19074,20626,-1806
"JUN 2022",-395,519,-913,921,526,1231,9991,-8760,704
"JUL 2022",2262,3747,-1484,1320,3583,1580,22031,-20451,-2002
"AGO 2022",593,1470,-876,617,1210,5829,-5139,10968,4619
"SEP 2022",18,538,-520,1123,1141,-4820,12588,-17408,-5961
"OCT 2022",884,1999,-1116,945,1829,3582,3775,-192,1754
"NOV 2022",3977,3496,481,1052,5029,703,17766,-17063,-4326
"DIC 2022",581,-350,931,3876,4457,3969,-33176,37145,-488
"ENE 2023",1321,962,359,524,1844,7530,24039,-16509,5685
"FEB 2023",2715,3812,-1097,947,3662,-4062,26275,-30337,-7724
"MAR 2023",6707,7138,-431,1255,7962,2738,5426,-2688,-5224
"ABR 2023",1363,3881,-2517,536,1899,6666,7255,-589,4767
"MAY 2023",3798,5710,-1912,533,4332,6603,17124,-10521,2272
"JUN 2023",4514,6814,-2301,1081,5595,-110,8473,-8583,-5705
"JUL 2023",3055,6367,-3312,1396,4450,13005,4613,8392,8555
"AGO 2023",4812,6577,-1765,612,5424,1872,4386,-2513,-3552
"SEP 2023",3679,5288,-1608,1195,4874,-1297,14772,-16069,-6172
"OCT 2023",2604,4306,-1702,1856,4460,13227,21725,-8498,8767
"NOV 2023",3226,4332,-1106,1421,4647,522,19947,-19425,-4125
"DIC 2023",3123,2263,861,5546,8669,7584,-39669,47252,-1085
"ENE 2024",4195,2784,1411,335,4530,6258,37030,-30772,1728
"FEB 2024",3404,4713,-1309,584,3988,1995,-32960,34954,-1994
"MAR 2024",5246,5732,-486,912,6158,8839,-33111,41950,2681
"ABR 2024",1260,4640,-3380,778,2038,6191,-8461,14652,4154
"MAY 2024",6364,8750,-2387,1107,7471,11291,-7705,18995,3820
"JUN 2024",5755,7196,-1441,1332,7087,9130,-20347,29477,2043
"JUL 2024",6451,9269,-2818,1863,8314,5094,30258,-25164,-3220
"AGO 2024",5373,7080,-1707,1285,6658,6563,9877,-3314,-95
"SEP 2024",3450,4855,-1405,1416,4866,1895,-21928,23822,-2971
"OCT 2024",4872,6908,-2036,1870,6742,15258,27057,-11799,8516
"NOV 2024",2481,2920,-439,1472,3953,397,-16203,16599,-3556
"DIC 2024",1828,1501,327,5109,6937,11006,-11710,22716,4070
"ENE 2025",3041,1770,1271,260,3301,5140,24163,-19023,1839
"FEB 2025",3644,4297,-652,816,4461,1302,-16494,17796,-3159
"MAR 2025",3287,4344,-1058,1445,4732,3303,-4909,8212,-1429
"ABR 2025",2376,6135,-3759,742,3118,8178,14364,-6186,5059
"MAY 2025",6400,8445,-2045,1117,7517,7313,-682,7995,-204
"JUN 2025",5393,6139,-747,1619,7012,9190,7186,2004,2178
"JUL 2025",5981,8194,-2213,1098,7079,8352,30727,-22374,1273
"AGO 2025",5243,6768,-1525,648,5891,772,2466,-1694,-5119
"SEP 2025",4164,4673,-509,2217,6381,3448,-814,4262,-2933
"OCT 2025",7180,7504,-325,1970,9150,6099,265,5835,-3051
"NOV 2025",205,2360,-2155,1574,1779,-4325,-717,-3608,-6104
"FUENTE","Banco de España","Banco de España","Banco de España","Banco de España","Banco de España","Banco de España","Banco de España","Banco de España","Banco de España"
"NOTAS","","","","","","","","",""
